model,r_square_score,mae_score,mse_score,rmse_score,mape_score
'grid_search_xgb',0.7833,122552372.1753,5.4545446221815635e+17,738548889.5247,1046546.1116
'random_search_xgb',0.7833,122552372.1753,5.4545446221815635e+17,738548889.5247,1046546.1116
